{
  "meta": {
    "weights": "/home/jay/projs/yolov5/yolov5s.pt",
    "dataset": "/home/jay/projs/mlir_start/data/images",
    "imgsz": 640,
    "calib_num": 100,
    "device": "cpu"
  },
  "stats": {
    "model.0": {
      "absmax": 50.06715393066406,
      "shape": [
        1,
        32,
        320,
        320
      ],
      "dtype": "float32",
      "samples": 100
    },
    "model.1": {
      "absmax": 89.30549621582031,
      "shape": [
        1,
        64,
        160,
        160
      ],
      "dtype": "float32",
      "samples": 100
    },
    "model.10": {
      "absmax": 9.652523040771484,
      "shape": [
        1,
        256,
        20,
        20
      ],
      "dtype": "float32",
      "samples": 100
    },
    "model.11": {
      "absmax": 9.652523040771484,
      "shape": [
        1,
        256,
        40,
        40
      ],
      "dtype": "float32",
      "samples": 100
    },
    "model.12": {
      "absmax": 12.069726943969727,
      "shape": [
        1,
        512,
        40,
        40
      ],
      "dtype": "float32",
      "samples": 100
    },
    "model.13": {
      "absmax": 11.637969017028809,
      "shape": [
        1,
        256,
        40,
        40
      ],
      "dtype": "float32",
      "samples": 100
    },
    "model.14": {
      "absmax": 9.678274154663086,
      "shape": [
        1,
        128,
        40,
        40
      ],
      "dtype": "float32",
      "samples": 100
    },
    "model.15": {
      "absmax": 9.678274154663086,
      "shape": [
        1,
        128,
        80,
        80
      ],
      "dtype": "float32",
      "samples": 100
    },
    "model.16": {
      "absmax": 9.678274154663086,
      "shape": [
        1,
        256,
        80,
        80
      ],
      "dtype": "float32",
      "samples": 100
    },
    "model.17": {
      "absmax": 33.88942337036133,
      "shape": [
        1,
        128,
        80,
        80
      ],
      "dtype": "float32",
      "samples": 100
    },
    "model.18": {
      "absmax": 10.421860694885254,
      "shape": [
        1,
        128,
        40,
        40
      ],
      "dtype": "float32",
      "samples": 100
    },
    "model.19": {
      "absmax": 10.421860694885254,
      "shape": [
        1,
        256,
        40,
        40
      ],
      "dtype": "float32",
      "samples": 100
    },
    "model.2": {
      "absmax": 19.148513793945312,
      "shape": [
        1,
        64,
        160,
        160
      ],
      "dtype": "float32",
      "samples": 100
    },
    "model.20": {
      "absmax": 35.3467903137207,
      "shape": [
        1,
        256,
        40,
        40
      ],
      "dtype": "float32",
      "samples": 100
    },
    "model.21": {
      "absmax": 11.416592597961426,
      "shape": [
        1,
        256,
        20,
        20
      ],
      "dtype": "float32",
      "samples": 100
    },
    "model.22": {
      "absmax": 11.416592597961426,
      "shape": [
        1,
        512,
        20,
        20
      ],
      "dtype": "float32",
      "samples": 100
    },
    "model.23": {
      "absmax": 29.973888397216797,
      "shape": [
        1,
        512,
        20,
        20
      ],
      "dtype": "float32",
      "samples": 100
    },
    "model.24.0": {
      "absmax": 734.6907348632812,
      "shape": [
        1,
        25200,
        85
      ],
      "dtype": "float32",
      "samples": 100
    },
    "model.24.1.0": {
      "absmax": 22.24587059020996,
      "shape": [
        1,
        3,
        80,
        80,
        85
      ],
      "dtype": "float32",
      "samples": 100
    },
    "model.24.1.1": {
      "absmax": 17.260528564453125,
      "shape": [
        1,
        3,
        40,
        40,
        85
      ],
      "dtype": "float32",
      "samples": 100
    },
    "model.24.1.2": {
      "absmax": 18.380414962768555,
      "shape": [
        1,
        3,
        20,
        20,
        85
      ],
      "dtype": "float32",
      "samples": 100
    },
    "model.3": {
      "absmax": 8.453927040100098,
      "shape": [
        1,
        128,
        80,
        80
      ],
      "dtype": "float32",
      "samples": 100
    },
    "model.4": {
      "absmax": 8.433396339416504,
      "shape": [
        1,
        128,
        80,
        80
      ],
      "dtype": "float32",
      "samples": 100
    },
    "model.5": {
      "absmax": 9.436627388000488,
      "shape": [
        1,
        256,
        40,
        40
      ],
      "dtype": "float32",
      "samples": 100
    },
    "model.6": {
      "absmax": 12.069726943969727,
      "shape": [
        1,
        256,
        40,
        40
      ],
      "dtype": "float32",
      "samples": 100
    },
    "model.7": {
      "absmax": 11.807880401611328,
      "shape": [
        1,
        512,
        20,
        20
      ],
      "dtype": "float32",
      "samples": 100
    },
    "model.8": {
      "absmax": 12.939741134643555,
      "shape": [
        1,
        512,
        20,
        20
      ],
      "dtype": "float32",
      "samples": 100
    },
    "model.9": {
      "absmax": 9.36431884765625,
      "shape": [
        1,
        512,
        20,
        20
      ],
      "dtype": "float32",
      "samples": 100
    }
  }
}